created_at,entry_id,field1,field2,field3,field4,latitude,longitude,elevation,status
2026-09-01T13:03:25+00:00,1,28,1021,24.80,54.00,,,,
2026-09-01T13:03:41+00:00,2,28,1021,24.50,55.00,,,,
2026-09-01T13:03:56+00:00,3,27,1021,24.80,55.00,,,,
2026-09-01T13:04:13+00:00,4,27,1021,24.80,55.00,,,,
2026-09-01T13:04:28+00:00,5,27,1021,24.80,54.00,,,,
2026-09-01T13:04:44+00:00,6,27,1021,24.80,54.00,,,,
2026-09-01T13:04:59+00:00,7,27,1021,24.80,54.00,,,,
2026-09-01T13:05:15+00:00,8,27,1021,24.80,54.00,,,,
2026-09-01T13:05:30+00:00,9,27,1021,24.80,54.00,,,,
2026-09-01T13:05:46+00:00,10,27,1021,24.80,54.00,,,,
2026-09-01T13:06:02+00:00,11,27,1021,24.80,54.00,,,,
2026-09-01T13:06:17+00:00,12,27,1021,24.80,54.00,,,,
2026-09-01T13:06:33+00:00,13,27,1021,24.80,54.00,,,,
2026-09-01T13:06:48+00:00,14,27,1021,24.80,54.00,,,,
2026-09-01T13:07:04+00:00,15,27,1021,24.80,54.00,,,,
2026-09-01T13:07:19+00:00,16,27,1021,24292,"27,1021,24.80,54.00",,,,
2026-09-01T13:07:35+00:00,17,27,1021,24.80,54.00,,,,
2026-09-01T13:07:50+00:00,18,26,1021,24.80,54.00,,,,
2026-09-01T13:08:06+00:00,19,26,1021,24.80,54.00,,,,
2026-09-01T13:08:21+00:00,20,30,1021,24.80,54.00,,,,
2026-09-01T13:08:37+00:00,21,29,1021,24.80,54.00,,,,
2026-09-01T13:08:52+00:00,22,29,1021,25.00,53.00,,,,
2026-09-01T13:09:07+00:00,23,29,1021,25.30,54.00,,,,
2026-09-01T13:09:23+00:00,24,275,1021,25.30,54.00,,,,
2026-09-01T13:09:39+00:00,25,90,1021,25.30,53.00,,,,
2026-09-01T13:09:55+00:00,26,67,1021,24.90,54.00,,,,
2026-09-01T13:10:10+00:00,27,52,1021,24.80,54.00,,,,
2026-09-01T13:10:26+00:00,28,45,1021,24.80,53.00,,,,
2026-09-01T13:10:41+00:00,29,40,1021,24.80,53.00,,,,
2026-09-01T13:10:57+00:00,30,38,1021,24.80,53.00,,,,
2026-09-01T13:11:12+00:00,31,36,1021,24.80,53.00,,,,
2026-09-01T13:14:34+00:00,32,59,1021,24.80,54.00,,,,
2026-09-01T13:14:49+00:00,33,55,1021,24.80,54.00,,,,
2026-09-01T13:15:05+00:00,34,622,1021,24.80,53.00,,,,
2026-09-01T13:15:20+00:00,35,278,519,24.80,53.00,,,,
2026-09-01T13:15:36+00:00,36,140,727,24.80,54.00,,,,
2026-09-01T13:15:51+00:00,37,88,1021,24.80,54.00,,,,
2026-09-01T13:16:07+00:00,38,72,1021,24.80,53.00,,,,
2026-09-01T13:16:23+00:00,39,63,1021,24.80,53.00,,,,
2026-09-01T13:16:39+00:00,40,60,1021,24.80,53.00,,,,
2026-09-01T13:16:55+00:00,41,55,1021,24.80,53.00,,,,
2026-09-01T13:17:10+00:00,42,50,1021,24.80,53.00,,,,
2026-09-01T13:17:26+00:00,43,47,1021,24.80,53.00,,,,
2026-09-01T13:17:42+00:00,44,46,1021,24.80,53.00,,,,
2026-09-01T13:17:57+00:00,45,45,1021,24.80,54.00,,,,
2026-09-01T13:18:13+00:00,46,43,1021,24.80,54.00,,,,
2026-09-01T13:18:28+00:00,47,42,1021,25.30,53.00,,,,
2026-09-01T13:18:44+00:00,48,41,1021,25.30,53.00,,,,
2026-09-01T13:19:00+00:00,49,41,1021,25.30,53.00,,,,
2026-09-01T13:19:15+00:00,50,41,1021,25.30,53.00,,,,
2026-09-01T13:19:31+00:00,51,40,1021,25.30,53.00,,,,
2026-09-01T13:19:46+00:00,52,39,1021,25.00,53.00,,,,
2026-09-01T13:20:02+00:00,53,38,1021,24.80,53.00,,,,
2026-09-01T13:20:18+00:00,54,38,1021,24.80,53.00,,,,
2026-09-01T13:20:34+00:00,55,37,1021,24.90,53.00,,,,
2026-09-01T13:20:50+00:00,56,37,1021,24.80,53.00,,,,
2026-09-01T13:21:05+00:00,57,37,1021,24.80,53.00,,,,
2026-09-01T13:21:21+00:00,58,38,1021,25.00,53.00,,,,
2026-09-01T13:21:36+00:00,59,38,1021,25.30,53.00,,,,
2026-09-01T13:21:52+00:00,60,37,1021,25.30,54.00,,,,
2026-09-01T13:22:08+00:00,61,37,1021,25.30,53.00,,,,
2026-09-01T13:22:23+00:00,62,37,1021,25.30,54.00,,,,
2026-09-01T13:22:39+00:00,63,36,1021,25.30,53.00,,,,
2026-09-01T13:22:54+00:00,64,36,1021,25.30,53.00,,,,
2026-09-01T13:23:10+00:00,65,36,1021,25.30,53.00,,,,
2026-09-01T13:23:26+00:00,66,35,1021,25.30,53.00,,,,
2026-09-01T13:23:41+00:00,67,35,1021,25.30,53.00,,,,
2026-09-01T13:23:57+00:00,68,35,1021,25.30,53.00,,,,
2026-09-01T13:24:13+00:00,69,35,1021,25.30,53.00,,,,
2026-09-01T13:24:29+00:00,70,35,1021,25.30,53.00,,,,
2026-09-01T13:24:45+00:00,71,35,1021,25.30,53.00,,,,
2026-09-01T13:25:00+00:00,72,34,1021,25.30,53.00,,,,
2026-09-01T13:25:16+00:00,73,35,1021,25.30,53.00,,,,
2026-09-01T13:26:00+00:00,74,35,1021,25.30,53.00,,,,
2026-09-01T13:26:17+00:00,75,34,1021,25.30,53.00,,,,
2026-09-01T13:26:32+00:00,76,35,1021,25.30,53.00,,,,
2026-09-01T13:26:47+00:00,77,581,1021,25.30,53.00,,,,
2026-09-01T13:27:03+00:00,78,192,1021,25.30,53.00,,,,
2026-09-01T13:27:18+00:00,79,127,1021,25.30,53.00,,,,
2026-09-01T13:27:36+00:00,80,100,1021,25.30,53.00,,,,
2026-09-01T13:27:52+00:00,81,83,1021,25.30,53.00,,,,
2026-09-01T13:28:08+00:00,82,76,1021,25.30,53.00,,,,
2026-09-01T13:28:23+00:00,83,68,1021,25.30,53.00,,,,
2026-09-01T13:28:39+00:00,84,64,1021,25.30,53.00,,,,
2026-09-01T13:28:54+00:00,85,751,1021,25.30,53.00,,,,
2026-09-01T13:29:10+00:00,86,227,1021,25.30,53.00,,,,
2026-09-01T13:29:26+00:00,87,139,1020,25.30,53.00,,,,
2026-09-01T13:29:42+00:00,88,99,1021,25.30,53.00,,,,
2026-09-01T13:29:58+00:00,89,82,1021,25.30,54.00,,,,
2026-09-01T13:30:13+00:00,90,74,1021,25.30,53.00,,,,
2026-09-01T13:30:29+00:00,91,67,1021,25.30,53.00,,,,
2026-09-01T13:30:45+00:00,92,64,1021,25.30,53.00,,,,
2026-09-01T13:31:00+00:00,93,60,1021,25.30,53.00,,,,
2026-09-01T13:31:16+00:00,94,57,1021,25.30,53.00,,,,
2026-09-01T13:31:31+00:00,95,55,1021,25.30,53.00,,,,
2026-09-01T13:31:46+00:00,96,53,1021,25.30,54.00,,,,
2026-09-01T13:32:02+00:00,97,51,1021,25.30,53.00,,,,
2026-09-01T13:32:18+00:00,98,50,1021,25.30,54.00,,,,
2026-09-01T13:32:34+00:00,99,48,1021,25.30,53.00,,,,
2026-09-01T13:32:49+00:00,100,48,1021,25.30,53.00,,,,
2026-09-01T13:33:04+00:00,101,47,1021,25.30,53.00,,,,
2026-09-01T13:33:20+00:00,102,46,1021,25.30,53.00,,,,
2026-09-01T13:33:52+00:00,103,44,1021,25.30,53.00,,,,
2026-09-01T13:34:07+00:00,104,44,1021,25.30,53.00,,,,
2026-09-01T13:34:23+00:00,105,252,1021,25.30,53.00,,,,
2026-09-01T13:34:38+00:00,106,138,1021,25.30,53.00,,,,
2026-09-01T13:34:54+00:00,107,97,1021,25.30,53.00,,,,
2026-09-01T13:35:36+00:00,108,68,1021,25.30,53.00,,,,
2026-09-01T13:35:52+00:00,109,59,1021,25.30,53.00,,,,
2026-09-01T13:36:08+00:00,110,429,1021,25.30,53.00,,,,
2026-09-01T13:36:24+00:00,111,396,1021,25.30,53.00,,,,
2026-09-01T13:36:40+00:00,112,188,1021,25.30,53.00,,,,
2026-09-01T13:36:57+00:00,113,137,1021,25.30,53.00,,,,
2026-09-01T13:37:12+00:00,114,107,1021,25.30,53.00,,,,
2026-09-01T13:37:28+00:00,115,90,1021,25.30,53.00,,,,
2026-09-01T13:37:43+00:00,116,81,1021,25.30,53.00,,,,
2026-09-01T13:37:58+00:00,117,75,1021,25.30,53.00,,,,
2026-09-01T13:38:16+00:00,118,71,1021,25.30,52.00,,,,
2026-09-01T13:38:31+00:00,119,69,1021,25.30,53.00,,,,
2026-09-01T13:38:47+00:00,120,65,1021,25.30,52.00,,,,
2026-09-01T13:39:03+00:00,121,63,1021,25.30,53.00,,,,
2026-09-01T13:39:18+00:00,122,61,1021,25.30,53.00,,,,
2026-09-01T13:39:34+00:00,123,59,1021,25.30,53.00,,,,
2026-09-01T13:39:49+00:00,124,57,1021,25.30,53.00,,,,
2026-09-01T13:40:04+00:00,125,56,1021,25.30,53.00,,,,
2026-09-01T13:40:20+00:00,126,55,1021,25.30,53.00,,,,
2026-09-01T13:40:36+00:00,127,55,1021,25.30,53.00,,,,
2026-09-01T13:40:52+00:00,128,54,1021,25.30,53.00,,,,
2026-09-01T13:41:07+00:00,129,53,1021,24.90,53.00,,,,
2026-09-01T13:41:23+00:00,130,52,1021,24.80,53.00,,,,
2026-09-01T13:41:38+00:00,131,52,1021,24.80,53.00,,,,
2026-09-01T13:41:53+00:00,132,51,1021,24.80,53.00,,,,
2026-09-01T13:42:09+00:00,133,51,1021,24.80,53.00,,,,
2026-09-01T13:42:24+00:00,134,50,1021,24.80,53.00,,,,
2026-09-01T13:42:39+00:00,135,50,1021,24.80,53.00,,,,
2026-09-01T13:42:55+00:00,136,49,1021,24.80,53.00,,,,
2026-09-01T13:43:11+00:00,137,49,1021,24.80,53.00,,,,
2026-09-01T13:43:26+00:00,138,49,1021,24.80,53.00,,,,
2026-09-01T13:43:42+00:00,139,48,1021,24.90,53.00,,,,
2026-09-01T13:43:58+00:00,140,48,1021,25.30,53.00,,,,
2026-09-01T13:44:14+00:00,141,48,1021,25.30,53.00,,,,
2026-09-01T13:44:33+00:00,142,47,1021,25.30,53.00,,,,
2026-09-01T13:44:49+00:00,143,47,1021,25.30,53.00,,,,
2026-09-01T13:45:04+00:00,144,47,1021,25.30,53.00,,,,
2026-09-01T13:45:20+00:00,145,47,1021,25.30,53.00,,,,
2026-09-01T13:45:35+00:00,146,47,1021,25.10,53.00,,,,
2026-09-01T13:45:51+00:00,147,47,1021,24.80,53.00,,,,
2026-09-01T13:46:08+00:00,148,46,1021,24.80,53.00,,,,
2026-09-01T13:46:23+00:00,149,46,1021,24.80,53.00,,,,
2026-09-01T13:46:40+00:00,150,46,1021,24.80,54.00,,,,
2026-09-01T13:46:56+00:00,151,45,1021,24.80,54.00,,,,
2026-09-01T13:47:12+00:00,152,45,1021,24.80,54.00,,,,
2026-09-01T13:47:28+00:00,153,45,1021,24.80,54.00,,,,
2026-09-01T13:47:43+00:00,154,45,1020,24.80,54.00,,,,
2026-09-01T13:47:59+00:00,155,45,1021,24.80,54.00,,,,
2026-09-01T13:48:14+00:00,156,45,1021,24.80,54.00,,,,
2026-09-01T13:48:30+00:00,157,45,1021,24.80,54.00,,,,
2026-09-01T13:48:46+00:00,158,45,1021,24.80,54.00,,,,
2026-09-01T13:49:02+00:00,159,44,1021,24.80,54.00,,,,
2026-09-01T13:49:19+00:00,160,44,1021,24.80,54.00,,,,
2026-09-01T13:49:34+00:00,161,44,1021,24.80,54.00,,,,
2026-09-01T13:49:50+00:00,162,44,1021,24.80,54.00,,,,
2026-09-01T13:50:06+00:00,163,44,1021,24.80,54.00,,,,
2026-09-01T13:50:21+00:00,164,44,1021,24.80,54.00,,,,
2026-09-01T13:50:37+00:00,165,44,1021,24.80,54.00,,,,
2026-09-01T13:50:52+00:00,166,44,1021,24.80,54.00,,,,
2026-09-01T13:51:08+00:00,167,44,1021,24.80,54.00,,,,
2026-09-01T13:51:24+00:00,168,44,1021,24.80,54.00,,,,
2026-09-01T13:51:39+00:00,169,44,1021,24.80,54.00,,,,
2026-09-01T13:51:54+00:00,170,43,1021,24.80,54.00,,,,
2026-09-01T13:52:09+00:00,171,44,1021,24.80,54.00,,,,
2026-09-01T13:52:25+00:00,172,43,1021,24.80,54.00,,,,
2026-09-01T13:52:40+00:00,173,44,1021,24.80,54.00,,,,
2026-09-01T13:52:59+00:00,174,43,1021,24.80,54.00,,,,
2026-09-01T13:53:15+00:00,175,43,1021,24.80,54.00,,,,
2026-09-01T13:53:32+00:00,176,43,1021,24.80,54.00,,,,
2026-09-01T13:53:47+00:00,177,43,1021,24.80,54.00,,,,
2026-09-01T13:54:02+00:00,178,43,1021,24.80,54.00,,,,
2026-09-01T13:54:18+00:00,179,43,1021,24.80,54.00,,,,
2026-09-01T13:54:34+00:00,180,43,1021,24.80,54.00,,,,
2026-09-01T13:54:50+00:00,181,43,1021,24.80,54.00,,,,
2026-09-01T13:55:06+00:00,182,43,1021,24.80,54.00,,,,
2026-09-01T13:55:22+00:00,183,42,1021,24.80,54.00,,,,
2026-09-01T13:55:37+00:00,184,42,1021,24.80,54.00,,,,
2026-09-01T13:55:53+00:00,185,43,1021,24.80,54.00,,,,
2026-09-01T13:56:09+00:00,186,43,1021,24.80,54.00,,,,
2026-09-01T13:56:24+00:00,187,42,1021,24.80,54.00,,,,
2026-09-01T13:56:39+00:00,188,42,1021,24.80,54.00,,,,
2026-09-01T13:56:55+00:00,189,42,1021,24.80,54.00,,,,
2026-09-01T13:57:11+00:00,190,42,1021,24.80,54.00,,,,
2026-09-01T13:57:26+00:00,191,42,1021,24.80,54.00,,,,
2026-09-01T13:57:43+00:00,192,42,1021,24.80,54.00,,,,
2026-09-01T13:57:58+00:00,193,42,1021,24.80,54.00,,,,
2026-09-01T13:58:13+00:00,194,42,1021,24.80,54.00,,,,
2026-09-01T13:58:29+00:00,195,42,1021,24.80,54.00,,,,
2026-09-01T13:58:44+00:00,196,42,1021,24.80,54.00,,,,
2026-09-01T13:59:00+00:00,197,42,1021,24.80,54.00,,,,
2026-09-01T13:59:15+00:00,198,42,1021,24.80,54.00,,,,
2026-09-01T13:59:31+00:00,199,42,1021,24.80,54.00,,,,
2026-09-01T13:59:46+00:00,200,41,1021,24.80,54.00,,,,
2026-09-01T14:00:01+00:00,201,42,1021,25.10,54.00,,,,
2026-09-01T14:00:17+00:00,202,42,1021,25.20,54.00,,,,
2026-09-01T14:00:32+00:00,203,42,1021,25.30,54.00,,,,
2026-09-01T14:00:48+00:00,204,41,1021,25.30,54.00,,,,
2026-09-01T14:01:04+00:00,205,42,1021,24.80,54.00,,,,
2026-09-01T14:01:19+00:00,206,42,1021,24.80,54.00,,,,
2026-09-01T14:01:35+00:00,207,42,1021,24.80,54.00,,,,
2026-09-01T14:01:50+00:00,208,42,1021,24.80,54.00,,,,
2026-09-01T14:02:06+00:00,209,46,1021,24.80,54.00,,,,
2026-09-01T14:02:21+00:00,210,46,1021,24.80,54.00,,,,
2026-09-01T14:02:37+00:00,211,46,1021,24.90,54.00,,,,
2026-09-01T14:02:53+00:00,212,46,1021,25.30,54.00,,,,
2026-09-01T14:03:08+00:00,213,46,1021,25.30,54.00,,,,
2026-09-01T14:03:24+00:00,214,46,1021,25.30,54.00,,,,
2026-09-01T14:03:39+00:00,215,45,1021,25.30,54.00,,,,
2026-09-01T14:03:55+00:00,216,45,1021,25.30,54.00,,,,
2026-09-01T14:04:11+00:00,217,45,1021,25.30,54.00,,,,
2026-09-01T14:04:26+00:00,218,45,1021,25.30,54.00,,,,
2026-09-01T14:04:41+00:00,219,45,1021,25.30,54.00,,,,
2026-09-01T14:04:56+00:00,220,46,1021,25.30,54.00,,,,
2026-09-01T14:05:13+00:00,221,45,1021,25.30,54.00,,,,
2026-09-01T14:05:29+00:00,222,45,10213101,45,"1021,25.30,54.00",,,,
2026-09-01T14:05:45+00:00,223,45,1021,25.30,54.00,,,,
2026-09-01T14:06:06+00:00,224,46,1022,25.30,54.00,,,,
2026-09-01T14:06:22+00:00,225,45,1021,25.30,54.00,,,,
2026-09-01T14:06:37+00:00,226,46,1021,25.30,54.00,,,,
2026-09-01T14:06:53+00:00,227,45,1020,25.30,54.00,,,,
2026-09-01T14:07:08+00:00,228,45,1021,24.80,54.00,,,,
2026-09-01T14:07:24+00:00,229,45,1021,24.80,54.00,,,,
2026-09-01T14:07:39+00:00,230,45,1021,24.80,54.00,,,,
2026-09-01T14:07:55+00:00,231,45,1021,24.80,54.00,,,,
2026-09-01T14:08:11+00:00,232,46,1021,24.90,54.00,,,,
2026-09-01T14:08:27+00:00,233,45,1021,25.30,54.00,,,,
2026-09-01T14:08:43+00:00,234,45,1021,25.30,54.00,,,,
2026-09-01T14:09:11+00:00,235,45,10213316,45,"1021,24.80,54.00",,,,
2026-09-01T14:09:28+00:00,236,45,1021,24.80,54.00,,,,
2026-09-01T14:09:45+00:00,237,45,10213350,45,"1021,24.80,54.00",,,,
2026-09-01T14:10:11+00:00,238,45,1021,24.80,54.00,,,,
2026-09-01T14:10:27+00:00,239,45,10213396,45,"1021,24.80,54.00",,,,
2026-09-01T14:10:42+00:00,240,45,1021,24.80,54.00,,,,
2026-09-01T14:10:58+00:00,241,45,1021,24.80,54.00,,,,
2026-09-01T14:11:14+00:00,242,45,1021,24.80,54.00,,,,
2026-09-01T14:11:34+00:00,243,45,1021,24.80,54.00,,,,
2026-09-01T14:11:49+00:00,244,45,1021,24.80,54.00,,,,
2026-09-01T14:12:09+00:00,245,45,1021,24.80,55.00,,,,
2026-09-01T14:12:30+00:00,246,45,10213514,45,"1021,24.80,55.00",,,,
2026-09-01T14:12:45+00:00,247,45,1021,24.80,54.00,,,,
2026-09-01T14:13:02+00:00,248,45,10213553,45,"1021,24.90,54.00",,,,
2026-09-01T14:13:17+00:00,249,45,1021,25.30,54.00,,,,
2026-09-01T14:13:33+00:00,250,45,1021,25.30,54.00,,,,
2026-09-01T14:13:49+00:00,251,45,1021,25.30,54.00,,,,
2026-09-01T14:14:10+00:00,252,45,1021,25.30,54.00,,,,
2026-09-01T14:14:25+00:00,253,45,1021,25.30,54.00,,,,
2026-09-01T14:14:40+00:00,254,45,1021,25.30,54.00,,,,
2026-09-01T14:14:56+00:00,255,45,1021,25.30,54.00,,,,
2026-09-01T14:15:12+00:00,256,45,1021,25.10,54.00,,,,
2026-09-01T14:15:27+00:00,257,45,1021,24.80,54.00,,,,
2026-09-01T14:15:44+00:00,258,45,1021,24.80,54.00,,,,
2026-09-01T14:15:59+00:00,259,45,1021,24.80,54.00,,,,
2026-09-01T14:16:15+00:00,260,45,1021,24.80,55.00,,,,
2026-09-01T14:16:31+00:00,261,45,1021,24.80,55.00,,,,
2026-09-01T14:16:46+00:00,262,45,1021,24.80,55.00,,,,
2026-09-01T14:17:02+00:00,263,45,1021,24.80,55.00,,,,
2026-09-01T14:17:17+00:00,264,45,1021,24.80,55.00,,,,
2026-09-01T14:17:33+00:00,265,45,1021,24.80,55.00,,,,
2026-09-01T14:17:48+00:00,266,47,1021,24.80,55.00,,,,
2026-09-01T14:18:04+00:00,267,47,1021,24.80,55.00,,,,
2026-09-01T14:18:20+00:00,268,47,1020,24.80,55.00,,,,
2026-09-01T14:18:35+00:00,269,47,1021,24.80,55.00,,,,
2026-09-01T14:18:51+00:00,270,47,1021,24.80,55.00,,,,
2026-09-01T14:19:06+00:00,271,47,1021,24.80,55.00,,,,
2026-09-01T14:19:22+00:00,272,47,1021,24.80,55.00,,,,
2026-09-01T14:19:38+00:00,273,47,1021,24.80,55.00,,,,
2026-09-01T14:19:53+00:00,274,46,1020,24.80,55.00,,,,
2026-09-01T14:20:09+00:00,275,46,1021,24.90,55.00,,,,
2026-09-01T14:20:24+00:00,276,46,1021,25.20,55.00,,,,
2026-09-01T14:20:40+00:00,277,46,1021,24.80,55.00,,,,
2026-09-01T14:20:56+00:00,278,46,1021,24.80,55.00,,,,
2026-09-01T14:21:11+00:00,279,45,1021,24.80,55.00,,,,
2026-09-01T14:21:32+00:00,280,45,1021,24.80,55.00,,,,
2026-09-01T14:21:48+00:00,281,45,1021,24.80,55.00,,,,
2026-09-01T14:22:03+00:00,282,45,1021,24.80,55.00,,,,
2026-09-01T14:22:19+00:00,283,45,1021,24.80,55.00,,,,
2026-09-01T14:22:34+00:00,284,45,1021,24.80,55.00,,,,
2026-09-01T14:22:50+00:00,285,45,1021,24.80,55.00,,,,
2026-09-01T14:23:06+00:00,286,46,1021,24.80,55.00,,,,
2026-09-01T14:23:21+00:00,287,45,1021,24.80,54.00,,,,
2026-09-01T14:23:36+00:00,288,45,1021,24.80,55.00,,,,
2026-09-01T14:23:52+00:00,289,45,1021,25.20,54.00,,,,
2026-09-01T14:24:08+00:00,290,45,1021,25.30,55.00,,,,
2026-09-01T14:24:23+00:00,291,45,1021,25.30,55.00,,,,
2026-09-01T14:24:39+00:00,292,45,1021,25.30,55.00,,,,
2026-09-01T14:24:55+00:00,293,45,1021,25.30,55.00,,,,
2026-09-01T14:25:13+00:00,294,45,1021,25.30,55.00,,,,
2026-09-01T14:25:29+00:00,295,45,1021,25.20,55.00,,,,
2026-09-01T14:25:46+00:00,296,45,1021,25.30,55.00,,,,
2026-09-01T14:26:04+00:00,297,45,1021,25.30,55.00,,,,
2026-09-01T14:26:26+00:00,298,45,1021,25.30,55.00,,,,
2026-09-01T14:26:42+00:00,299,45,1021,25.30,55.00,,,,
2026-09-01T14:26:57+00:00,300,45,1021,24.80,55.00,,,,
2026-09-01T14:27:13+00:00,301,45,1021,24.80,55.00,,,,
2026-09-01T14:27:28+00:00,302,45,1021,24.90,55.00,,,,
2026-09-01T14:27:44+00:00,303,45,1021,25.20,55.00,,,,
2026-09-01T14:28:00+00:00,304,45,1021,25.10,55.00,,,,
2026-09-01T14:28:15+00:00,305,45,1021,25.30,55.00,,,,
2026-09-01T14:28:30+00:00,306,45,1021,25.30,55.00,,,,
2026-09-01T14:28:47+00:00,307,45,1021,25.30,55.00,,,,
2026-09-01T14:29:02+00:00,308,45,1021,25.30,55.00,,,,
2026-09-01T14:29:17+00:00,309,45,1021,25.30,55.00,,,,
2026-09-01T14:29:33+00:00,310,45,1021,25.30,55.00,,,,
2026-09-01T14:29:48+00:00,311,45,1021,25.30,55.00,,,,
2026-09-01T14:30:05+00:00,312,45,1021,25.30,55.00,,,,
2026-09-01T14:30:21+00:00,313,45,1021,25.30,55.00,,,,
2026-09-01T14:30:37+00:00,314,45,1021,25.30,55.00,,,,
2026-09-01T14:30:52+00:00,315,45,1021,25.30,54.00,,,,
2026-09-01T14:31:08+00:00,316,45,1021,25.30,55.00,,,,
2026-09-01T14:31:24+00:00,317,45,1021,25.30,55.00,,,,
2026-09-01T14:31:39+00:00,318,45,1021,25.30,55.00,,,,
2026-09-01T14:31:55+00:00,319,45,1021,25.30,55.00,,,,
2026-09-01T14:32:10+00:00,320,45,1021,25.30,55.00,,,,
2026-09-01T14:32:26+00:00,321,45,1021,25.30,55.00,,,,
2026-09-01T14:32:41+00:00,322,45,1020,25.30,55.00,,,,
2026-09-01T14:32:58+00:00,323,45,1021,25.30,55.00,,,,
2026-09-01T14:33:14+00:00,324,45,1021,25.30,55.00,,,,
2026-09-01T14:33:29+00:00,325,45,1021,25.30,55.00,,,,
2026-09-01T14:33:45+00:00,326,45,1021,25.30,55.00,,,,
2026-09-01T14:34:00+00:00,327,45,1021,25.30,55.00,,,,
2026-09-01T14:34:16+00:00,328,45,1021,25.30,55.00,,,,
2026-09-01T14:34:33+00:00,329,45,1021,25.30,55.00,,,,
2026-09-01T14:34:49+00:00,330,45,1021,25.30,55.00,,,,
2026-09-01T14:35:05+00:00,331,45,1021,25.30,55.00,,,,
2026-09-01T14:35:20+00:00,332,45,1021,25.30,55.00,,,,
2026-09-01T14:35:36+00:00,333,45,1021,25.30,55.00,,,,
2026-09-01T14:35:52+00:00,334,45,1021,25.30,55.00,,,,
2026-09-01T14:36:07+00:00,335,45,1021,25.30,55.00,,,,
2026-09-01T14:36:22+00:00,336,45,1021,25.30,55.00,,,,
2026-09-01T14:36:38+00:00,337,45,1021,25.30,55.00,,,,
2026-09-01T14:36:53+00:00,338,45,1021,25.30,55.00,,,,
2026-09-01T14:37:08+00:00,339,45,1021,25.30,55.00,,,,
2026-09-01T14:37:24+00:00,340,46,1021,25.30,55.00,,,,
2026-09-01T14:37:40+00:00,341,45,1021,25.30,55.00,,,,
2026-09-01T14:37:55+00:00,342,45,1021,25.30,55.00,,,,
2026-09-01T14:38:11+00:00,343,45,1021,25.30,55.00,,,,
2026-09-01T14:38:26+00:00,344,45,1021,25.30,55.00,,,,
2026-09-01T14:38:42+00:00,345,45,1021,25.30,55.00,,,,
2026-09-01T14:38:59+00:00,346,45,1021,25.20,55.00,,,,
2026-09-01T14:39:14+00:00,347,45,1021,24.90,55.00,,,,
2026-09-01T14:39:30+00:00,348,45,1021,25.00,55.00,,,,
2026-09-01T14:39:45+00:00,349,45,1021,25.30,55.00,,,,
2026-09-01T14:40:00+00:00,350,45,1021,25.30,55.00,,,,
2026-09-01T14:40:16+00:00,351,45,1021,25.30,55.00,,,,
2026-09-01T14:40:31+00:00,352,45,1021,25.30,55.00,,,,
2026-09-01T14:40:47+00:00,353,45,1021,25.30,55.00,,,,
2026-09-01T14:41:08+00:00,354,45,1021,25.30,55.00,,,,
2026-09-01T14:41:23+00:00,355,45,1021,25.30,55.00,,,,
2026-09-01T14:41:38+00:00,356,45,1021,25.30,55.00,,,,
2026-09-01T14:41:54+00:00,357,45,1021,25.30,55.00,,,,
2026-09-01T14:42:13+00:00,358,45,1021,25.30,55.00,,,,
2026-09-01T14:42:29+00:00,359,45,1021,25.30,55.00,,,,
2026-09-01T14:42:44+00:00,360,45,1021,25.30,55.00,,,,
2026-09-01T14:43:00+00:00,361,45,1021,25.30,55.00,,,,
2026-09-01T14:43:15+00:00,362,762,1021,25.30,55.00,,,,
2026-09-01T14:43:31+00:00,363,365,1021,25.30,56.00,,,,
2026-09-01T14:43:47+00:00,364,359,1021,25.30,56.00,,,,
2026-09-01T14:44:02+00:00,365,219,1021,25.30,56.00,,,,
2026-09-01T14:44:17+00:00,366,172,1021,25.30,56.00,,,,
2026-09-01T14:44:33+00:00,367,149,1021,25.30,56.00,,,,
2026-09-01T14:44:48+00:00,368,133,1021,25.30,56.00,,,,
2026-09-01T14:45:04+00:00,369,122,1021,25.30,56.00,,,,
2026-09-01T14:45:19+00:00,370,113,1020,25.30,55.00,,,,
2026-09-01T14:45:35+00:00,371,109,1021,25.30,55.00,,,,
2026-09-01T14:45:50+00:00,372,109,15514,109,"1021,25.30,55.00",,,,
2026-09-01T14:46:05+00:00,373,110,1021,25.30,55.00,,,,
2026-09-01T14:46:21+00:00,374,105,1021,25.30,55.00,,,,
2026-09-01T14:46:36+00:00,375,102,1021,25.30,57.00,,,,
2026-09-01T14:46:52+00:00,376,99,1021,25.30,56.00,,,,
2026-09-01T14:47:07+00:00,377,98,1021,25.30,56.00,,,,
2026-09-01T14:47:23+00:00,378,96,1021,25.30,56.00,,,,
2026-09-01T14:47:39+00:00,379,94,1021,25.30,56.00,,,,
2026-09-01T14:47:54+00:00,380,93,1021,25.30,56.00,,,,
2026-09-01T14:48:10+00:00,381,92,1021,25.30,56.00,,,,
2026-09-01T14:48:25+00:00,382,91,1021,25.30,56.00,,,,
2026-09-01T14:48:41+00:00,383,91,1021,25.30,56.00,,,,
2026-09-01T14:48:58+00:00,384,378,1021,25.30,56.00,,,,
2026-09-01T14:49:13+00:00,385,213,1021,25.30,56.00,,,,
2026-09-01T14:49:29+00:00,386,167,1021,25.30,56.00,,,,
2026-09-01T14:49:46+00:00,387,140,1021,25.30,56.00,,,,
2026-09-01T14:50:01+00:00,388,123,1021,25.30,56.00,,,,
2026-09-01T14:50:17+00:00,389,119,1021,25.30,56.00,,,,
2026-09-01T14:50:33+00:00,390,107,1021,25.30,57.00,,,,
2026-09-01T14:50:49+00:00,391,102,1021,25.30,56.00,,,,
2026-09-01T14:51:04+00:00,392,98,1021,25.30,57.00,,,,
2026-09-01T14:51:54+00:00,393,90,1021,25.30,56.00,,,,
2026-09-01T14:52:09+00:00,394,88,1021,25.30,56.00,,,,
2026-09-01T14:52:25+00:00,395,87,1021,25.30,56.00,,,,
2026-09-01T14:52:41+00:00,396,47,1021,25.30,56.00,,,,
2026-09-01T14:52:58+00:00,397,45,1021,25.30,57.00,,,,
2026-09-01T14:53:14+00:00,398,336,1021,25.30,57.00,,,,
2026-09-01T14:53:29+00:00,399,146,1021,25.30,57.00,,,,
2026-09-01T14:53:48+00:00,400,103,1021,25.30,56.00,,,,
2026-09-01T14:54:03+00:00,401,82,1019,25.30,56.00,,,,
2026-09-01T14:54:19+00:00,402,72,1021,25.30,56.00,,,,
2026-09-01T14:54:35+00:00,403,63,1021,25.30,56.00,,,,
2026-09-01T14:54:51+00:00,404,61,10216052,60,"1021,25.30,56.00",,,,
2026-09-01T14:55:07+00:00,405,56,1021,25.30,56.00,,,,
2026-09-01T14:55:22+00:00,406,53,1021,25.30,55.00,,,,
2026-09-01T14:55:38+00:00,407,50,1021,25.30,55.00,,,,
2026-09-01T14:55:54+00:00,408,48,1021,25.30,55.00,,,,
2026-09-01T14:56:09+00:00,409,47,1021,25.30,55.00,,,,
2026-09-01T14:56:24+00:00,410,45,1021,25.30,56.00,,,,
2026-09-01T14:56:39+00:00,411,44,1021,25.30,55.00,,,,
2026-09-01T14:56:55+00:00,412,43,1021,25.30,55.00,,,,
2026-09-01T14:57:11+00:00,413,43,1021,25.30,55.00,,,,
2026-09-01T14:57:26+00:00,414,42,1021,25.30,55.00,,,,
2026-09-01T14:57:42+00:00,415,41,1021,25.30,56.00,,,,
2026-09-01T14:57:57+00:00,416,41,1021,25.30,56.00,,,,
2026-09-01T14:58:13+00:00,417,40,1021,25.30,56.00,,,,
2026-09-01T14:58:29+00:00,418,39,1021,25.30,56.00,,,,
2026-09-01T14:58:44+00:00,419,39,1021,25.30,56.00,,,,
2026-09-01T14:59:00+00:00,420,39,1021,25.30,56.00,,,,
2026-09-01T14:59:15+00:00,421,39,1021,25.30,56.00,,,,
2026-09-01T14:59:31+00:00,422,38,1021,25.30,56.00,,,,
2026-09-01T14:59:46+00:00,423,37,1021,25.30,56.00,,,,
2026-09-01T15:00:03+00:00,424,37,1021,25.30,56.00,,,,
2026-09-01T15:00:19+00:00,425,37,1021,25.30,56.00,,,,
2026-09-01T15:00:34+00:00,426,37,1021,25.30,56.00,,,,
2026-09-01T15:00:50+00:00,427,36,1021,25.30,56.00,,,,
2026-09-01T15:01:05+00:00,428,36,1021,25.30,56.00,,,,
2026-09-01T15:01:21+00:00,429,36,1021,25.30,56.00,,,,
2026-09-01T15:01:37+00:00,430,36,1021,25.30,56.00,,,,
2026-09-01T15:01:52+00:00,431,36,1021,25.30,56.00,,,,
2026-09-01T15:02:08+00:00,432,35,1021,25.30,57.00,,,,
2026-09-01T15:02:24+00:00,433,35,1021,25.30,56.00,,,,
2026-09-01T15:02:40+00:00,434,35,1021,25.30,56.00,,,,
2026-09-01T15:02:55+00:00,435,35,1020,25.30,56.00,,,,
2026-09-01T15:03:10+00:00,436,35,1021,25.30,56.00,,,,
2026-09-01T15:03:26+00:00,437,34,1021,25.30,56.00,,,,
2026-09-01T15:03:41+00:00,438,35,1021,25.30,57.00,,,,
2026-09-01T15:03:58+00:00,439,34,1021,25.30,56.00,,,,
2026-09-01T15:04:14+00:00,440,34,1020,25.30,56.00,,,,
2026-09-01T15:04:29+00:00,441,34,1021,25.30,56.00,,,,
2026-09-01T15:04:45+00:00,442,33,1021,25.30,56.00,,,,
2026-09-01T15:05:00+00:00,443,34,1021,25.30,56.00,,,,
2026-09-01T15:05:15+00:00,444,33,10216675,33,"1021,25.30,56.00",,,,
2026-09-01T15:05:31+00:00,445,33,1021,25.30,56.00,,,,
2026-09-01T15:05:46+00:00,446,33,1021,25.30,56.00,,,,
2026-09-01T15:06:02+00:00,447,32,1021,25.30,55.00,,,,
2026-09-01T15:06:17+00:00,448,31,1021,25.30,55.00,,,,
2026-09-01T15:06:33+00:00,449,32,1021,25.30,54.00,,,,
2026-09-01T15:06:48+00:00,450,32,1021,25.30,54.00,,,,
2026-09-01T15:07:04+00:00,451,32,1021,25.30,55.00,,,,
2026-09-01T15:07:20+00:00,452,32,1021,25.30,55.00,,,,
2026-09-01T15:07:35+00:00,453,32,1020,25.30,55.00,,,,
2026-09-01T15:07:51+00:00,454,32,1021,25.30,55.00,,,,
2026-09-01T15:08:06+00:00,455,32,1020,25.30,56.00,,,,
2026-09-01T15:08:22+00:00,456,32,1021,25.30,55.00,,,,
2026-09-01T15:08:38+00:00,457,31,1021,25.30,55.00,,,,
2026-09-01T15:08:53+00:00,458,31,1021,25.30,56.00,,,,
2026-09-01T15:09:09+00:00,459,31,1021,25.30,55.00,,,,
2026-09-01T15:09:24+00:00,460,31,1021,25.30,55.00,,,,
2026-09-01T15:09:41+00:00,461,31,1021,25.30,56.00,,,,
2026-09-01T15:09:57+00:00,462,31,1021,25.30,56.00,,,,
2026-09-01T15:10:12+00:00,463,31,1021,25.30,56.00,,,,
2026-09-01T15:10:28+00:00,464,31,1021,24.80,56.00,,,,
2026-09-01T15:10:43+00:00,465,31,1021,24.80,56.00,,,,
2026-09-01T15:10:58+00:00,466,31,10217017,31,"1021,24.80,56.00",,,,
2026-09-01T15:11:14+00:00,467,31,1021,24.80,56.00,,,,
2026-09-01T15:11:30+00:00,468,31,1021,24.80,56.00,,,,
2026-09-01T15:11:46+00:00,469,31,1021,24.80,56.00,,,,
2026-09-01T15:12:01+00:00,470,30,1021,24.80,56.00,,,,
2026-09-01T15:12:17+00:00,471,30,1021,24.80,56.00,,,,
2026-09-01T15:12:34+00:00,472,31,1021,24.80,56.00,,,,
2026-09-01T15:12:49+00:00,473,30,1021,24.80,56.00,,,,
2026-09-01T15:13:05+00:00,474,30,1021,24.80,56.00,,,,
2026-09-01T15:13:20+00:00,475,30,1020,24.80,56.00,,,,
2026-09-01T15:13:36+00:00,476,30,1021,24.80,56.00,,,,
2026-09-01T15:13:52+00:00,477,30,1021,24.80,56.00,,,,
2026-09-01T15:14:07+00:00,478,30,1021,24.80,56.00,,,,
2026-09-01T15:14:23+00:00,479,30,1021,24.80,56.00,,,,
2026-09-01T15:14:38+00:00,480,30,1021,24.80,56.00,,,,
2026-09-01T15:14:54+00:00,481,30,1021,24.80,56.00,,,,
2026-09-01T15:15:09+00:00,482,29,1021,24.80,56.00,,,,
2026-09-01T15:15:25+00:00,483,29,1021,24.80,56.00,,,,
2026-09-01T15:15:41+00:00,484,30,1021,24.80,56.00,,,,
2026-09-01T15:15:56+00:00,485,30,1021,24.80,56.00,,,,
2026-09-01T15:16:12+00:00,486,29,1021,24.80,56.00,,,,
2026-09-01T15:16:27+00:00,487,29,1021,24.80,56.00,,,,
2026-09-01T15:16:43+00:00,488,29,1021,24.80,55.00,,,,
2026-09-01T15:16:58+00:00,489,29,1021,24.80,55.00,,,,
2026-09-01T15:17:14+00:00,490,29,1021,24.80,55.00,,,,
2026-09-01T15:17:29+00:00,491,29,1021,24.80,55.00,,,,
2026-09-01T15:17:44+00:00,492,29,1021,24.80,55.00,,,,
2026-09-01T15:18:00+00:00,493,29,1021,24.80,55.00,,,,
2026-09-01T15:18:16+00:00,494,29,10217453,29,"1021,24.80,55.00",,,,
2026-09-01T15:18:31+00:00,495,29,1021,24.80,55.00,,,,
2026-09-01T15:18:47+00:00,496,28,1021,24.80,55.00,,,,
2026-09-01T15:19:05+00:00,497,29,1021,24.80,55.00,,,,
2026-09-01T15:19:21+00:00,498,28,1021,24.80,55.00,,,,
2026-09-01T15:19:36+00:00,499,28,1020,24.80,55.00,,,,
2026-09-01T15:19:53+00:00,500,28,10217548,28,"1021,24.80,55.00",,,,
2026-09-01T15:20:09+00:00,501,28,1021,24.80,55.00,,,,
2026-09-01T15:20:24+00:00,502,28,1021,24.80,55.00,,,,
2026-09-01T15:20:42+00:00,503,28,1021,24.80,55.00,,,,
2026-09-01T15:20:58+00:00,504,28,1021,24.80,55.00,,,,
2026-09-01T15:21:13+00:00,505,28,1021,24.80,55.00,,,,
2026-09-01T15:21:29+00:00,506,28,1021,24.80,55.00,,,,
2026-09-01T15:21:44+00:00,507,28,1021,24.80,55.00,,,,
2026-09-01T15:22:00+00:00,508,28,1021,24.80,55.00,,,,
2026-09-01T15:22:16+00:00,509,28,1021,24.80,55.00,,,,
2026-09-01T15:22:31+00:00,510,28,1021,24.80,55.00,,,,
2026-09-01T15:22:47+00:00,511,28,1021,24.80,54.00,,,,
2026-09-01T15:23:02+00:00,512,28,1021,24.80,54.00,,,,
2026-09-01T15:23:18+00:00,513,28,1021,24.80,54.00,,,,
2026-09-01T15:23:34+00:00,514,28,1021,24.80,54.00,,,,
2026-09-01T15:23:49+00:00,515,27,1021,24.80,54.00,,,,
2026-09-01T15:24:05+00:00,516,27,1021,24.80,54.00,,,,
2026-09-01T15:24:20+00:00,517,28,1021,24.80,54.00,,,,
2026-09-01T15:24:37+00:00,518,28,1021,24.80,54.00,,,,
2026-09-01T15:24:53+00:00,519,28,1021,24.80,54.00,,,,
2026-09-01T15:25:08+00:00,520,28,1021,24.80,54.00,,,,
2026-09-01T15:25:24+00:00,521,28,1021,24.80,54.00,,,,
2026-09-01T15:25:39+00:00,522,28,1021,24.80,54.00,,,,
2026-09-01T15:25:56+00:00,523,28,1021,24.80,54.00,,,,
2026-09-01T15:26:11+00:00,524,28,1021,24.80,54.00,,,,
2026-09-01T15:26:29+00:00,525,28,1021,24.80,54.00,,,,
2026-09-01T15:26:45+00:00,526,28,1021,24.80,54.00,,,,
2026-09-01T15:27:00+00:00,527,28,1021,24.80,54.00,,,,
2026-09-01T15:27:16+00:00,528,29,1021,24.80,54.00,,,,
2026-09-01T15:27:32+00:00,529,29,1021,24.80,54.00,,,,
2026-09-01T15:27:48+00:00,530,29,1021,24.80,54.00,,,,
2026-09-01T15:28:04+00:00,531,29,1021,24.80,54.00,,,,
2026-09-01T15:28:19+00:00,532,29,1021,25.00,54.00,,,,
2026-09-01T15:28:35+00:00,533,28,1021,25.30,54.00,,,,
2026-09-01T15:28:50+00:00,534,28,1021,25.30,54.00,,,,
2026-09-01T15:29:06+00:00,535,28,1021,25.30,54.00,,,,
2026-09-01T15:29:22+00:00,536,29,1021,25.30,54.00,,,,
2026-09-01T15:29:37+00:00,537,29,1021,25.30,54.00,,,,
2026-09-01T15:29:53+00:00,538,29,1021,25.30,54.00,,,,
2026-09-01T15:30:08+00:00,539,28,1021,24.80,54.00,,,,
2026-09-01T15:30:24+00:00,540,29,1021,24.80,54.00,,,,
2026-09-01T15:30:40+00:00,541,28,1021,24.80,54.00,,,,
2026-09-01T15:30:55+00:00,542,28,1021,24.80,54.00,,,,
2026-09-01T15:31:10+00:00,543,28,1021,24.80,54.00,,,,
2026-09-01T15:31:25+00:00,544,28,1021,24.80,54.00,,,,
2026-09-01T15:31:41+00:00,545,28,1021,24.80,54.00,,,,
2026-09-01T15:31:57+00:00,546,28,1021,24.80,54.00,,,,
2026-09-01T15:32:12+00:00,547,28,1021,24.80,54.00,,,,
2026-09-01T15:32:29+00:00,548,28,1021,24.80,54.00,,,,
2026-09-01T15:32:44+00:00,549,28,1021,24.80,54.00,,,,
2026-09-01T15:33:00+00:00,550,28,1021,24.80,54.00,,,,
2026-09-01T15:33:16+00:00,551,28,1021,24.80,54.00,,,,
2026-09-01T15:33:31+00:00,552,29,1021,24.80,56.00,,,,
2026-09-01T15:33:47+00:00,553,29,1021,24.80,56.00,,,,
2026-09-01T15:34:02+00:00,554,29,1021,24.80,56.00,,,,
2026-09-01T15:34:18+00:00,555,29,1021,25.20,56.00,,,,
2026-09-01T15:34:35+00:00,556,29,1021,25.30,55.00,,,,
2026-09-01T15:34:50+00:00,557,29,1021,25.30,55.00,,,,
2026-09-01T15:35:06+00:00,558,28,1021,25.30,55.00,,,,
2026-09-01T15:35:21+00:00,559,28,1021,24.90,55.00,,,,
2026-09-01T15:35:37+00:00,560,28,1021,24.80,55.00,,,,
2026-09-01T15:35:53+00:00,561,31,1020,24.90,56.00,,,,
2026-09-01T15:36:09+00:00,562,29,1021,25.30,57.00,,,,
2026-09-01T15:36:25+00:00,563,29,1021,25.30,56.00,,,,
2026-09-01T15:36:40+00:00,564,29,1021,25.30,56.00,,,,
2026-09-01T15:36:56+00:00,565,29,1021,25.30,55.00,,,,
2026-09-01T15:37:14+00:00,566,29,1021,25.30,55.00,,,,
2026-09-01T15:37:29+00:00,567,29,1021,25.30,55.00,,,,
2026-09-01T15:37:45+00:00,568,30,1021,25.30,55.00,,,,
2026-09-01T15:38:00+00:00,569,30,1021,25.30,55.00,,,,
2026-09-01T15:38:16+00:00,570,29,1021,25.30,55.00,,,,
2026-09-01T15:38:32+00:00,571,29,1021,25.30,55.00,,,,
2026-09-01T15:38:47+00:00,572,29,1021,25.30,55.00,,,,
2026-09-01T15:39:03+00:00,573,29,1021,25.30,55.00,,,,
2026-09-01T15:39:18+00:00,574,29,1020,25.30,55.00,,,,
2026-09-01T15:39:34+00:00,575,29,1021,25.30,55.00,,,,
2026-09-01T15:39:50+00:00,576,29,1021,25.30,54.00,,,,
2026-09-01T15:40:05+00:00,577,29,1021,25.30,54.00,,,,
2026-09-01T15:40:21+00:00,578,29,1020,25.30,54.00,,,,
2026-09-01T15:40:36+00:00,579,29,1021,25.30,55.00,,,,
2026-09-01T15:40:52+00:00,580,29,1021,25.30,55.00,,,,
2026-09-01T15:41:07+00:00,581,30,1021,25.30,55.00,,,,
2026-09-01T15:41:23+00:00,582,32,1020,25.30,55.00,,,,
2026-09-01T15:41:39+00:00,583,33,1021,25.30,56.00,,,,
2026-09-01T15:41:54+00:00,584,32,1021,25.30,56.00,,,,
2026-09-01T15:42:10+00:00,585,32,1021,25.30,55.00,,,,
2026-09-01T15:42:25+00:00,586,32,1020,25.30,55.00,,,,
2026-09-01T15:42:42+00:00,587,31,1020,25.30,55.00,,,,
2026-09-01T15:42:57+00:00,588,31,1021,25.30,54.00,,,,
2026-09-01T15:43:13+00:00,589,31,1021,25.30,55.00,,,,
2026-09-01T15:43:28+00:00,590,31,1020,25.30,55.00,,,,
2026-09-01T15:43:43+00:00,591,31,1021,25.30,54.00,,,,
2026-09-01T15:43:59+00:00,592,31,1021,25.30,54.00,,,,
2026-09-01T15:44:16+00:00,593,31,1020,25.30,55.00,,,,
2026-09-01T15:44:31+00:00,594,31,1021,25.30,55.00,,,,
2026-09-01T15:44:47+00:00,595,31,1021,25.30,55.00,,,,
2026-09-01T15:45:02+00:00,596,31,1021,25.30,55.00,,,,
2026-09-01T15:45:18+00:00,597,31,1021,25.30,55.00,,,,
2026-09-01T15:45:35+00:00,598,31,1020,25.30,56.00,,,,
2026-09-01T15:45:50+00:00,599,31,1020,25.30,56.00,,,,
